{"7B.json": {"Accuracy": 0.5953947368421053, "Precision": 0.20588235294117646, "Recall": 0.1686746987951807, "Specificity": 0.755656108597285, "F1": 0.18543046357615894}, "70B.json": {"Accuracy": 0.6398026315789473, "Precision": 0.41846153846153844, "Recall": 0.8192771084337349, "Specificity": 0.5723981900452488, "F1": 0.5539714867617107}, "7B_chat.json": {"Accuracy": 0.5855263157894737, "Precision": 0.19718309859154928, "Recall": 0.1686746987951807, "Specificity": 0.7420814479638009, "F1": 0.1818181818181818}, "13B.json": {"Accuracy": 0.7483552631578947, "Precision": 0.6326530612244898, "Recall": 0.18674698795180722, "Specificity": 0.9592760180995475, "F1": 0.28837209302325584}, "70B_chat.json": {"Accuracy": 0.5855263157894737, "Precision": 0.19718309859154928, "Recall": 0.1686746987951807, "Specificity": 0.7420814479638009, "F1": 0.1818181818181818}, "13B_chat.json": {"Accuracy": 0.7664473684210527, "Precision": 0.59375, "Recall": 0.4578313253012048, "Specificity": 0.8823529411764706, "F1": 0.5170068027210885}}