{"gpt35.json": {"Accuracy": 0.6891447368421053, "Precision": 0.45147679324894513, "Recall": 0.6445783132530121, "Specificity": 0.7058823529411765, "F1": 0.531017369727047}, "gpt4.json": {"Accuracy": 0.7351973684210527, "Precision": 0.5142857142857142, "Recall": 0.5421686746987951, "Specificity": 0.8076923076923077, "F1": 0.5278592375366569}, "gpt4_o.json": {"Accuracy": 0.774671052631579, "Precision": 0.6464646464646465, "Recall": 0.3855421686746988, "Specificity": 0.920814479638009, "F1": 0.4830188679245283}, "gpt4_omini.json": {"Accuracy": 0.7648026315789473, "Precision": 0.5934959349593496, "Recall": 0.4397590361445783, "Specificity": 0.8868778280542986, "F1": 0.5051903114186852}}